"ID","NAME","SCHOOL_TASK__C","SIGNED__C","SIGNED_TIME__C","WHOID__C","WHO_TYPE__C","STATUS"
"a06j0000003YjMfAAK","CA-0000000025","a05j0000002v5sCAAQ","FALSE","","a02j0000004H1F1AAK","Authorized_Signer__c","Item Created"
"a06j0000003YjMgAAK","CA-0000000026","a05j0000002vCoJAAU","FALSE","","a02j0000004H1F1AAK","Authorized_Signer__c","Item Created"
"a06j0000003YjMhAAK","CA-0000000027","a05j0000002vCuLAAU","FALSE","","a02j0000004H1F1AAK","Authorized_Signer__c","Item Created"
"a06j0000003YjMiAAK","CA-0000000028","a05j0000002v5sCAAQ","FALSE","","a02j0000004H1F2AAK","Authorized_Signer__c","Item Created"
"a06j0000003YjMjAAK","CA-0000000029","a05j0000002vCoJAAU","FALSE","","a02j0000004H1F2AAK","Authorized_Signer__c","Item Created"
"a06j0000003YjMkAAK","CA-0000000030","a05j0000002vCuLAAU","FALSE","","a02j0000004H1F2AAK","Authorized_Signer__c","Item Created"
"a06j0000003YjMlAAK","CA-0000000031","a05j0000002v5sCAAQ","FALSE","","a02j0000004H1F3AAK","Authorized_Signer__c","Item Created"
"a06j0000003YjMmAAK","CA-0000000032","a05j0000002vCoJAAU","FALSE","","a02j0000004H1F3AAK","Authorized_Signer__c","Item Created"
"a06j0000003YjMnAAK","CA-0000000033","a05j0000002vCuLAAU","FALSE","","a02j0000004H1F3AAK","Authorized_Signer__c","Item Created"
"a06j0000003YjMoAAK","CA-0000000034","a05j0000002v5sCAAQ","FALSE","","a02j0000004H1F4AAK","Authorized_Signer__c","Item Created"
"a06j0000003YjMpAAK","CA-0000000035","a05j0000002vCoJAAU","FALSE","","a02j0000004H1F4AAK","Authorized_Signer__c","Item Created"
"a06j0000003YjMqAAK","CA-0000000036","a05j0000002vCuLAAU","FALSE","","a02j0000004H1F4AAK","Authorized_Signer__c","Item Created"
"a06j0000003YjMrAAK","CA-0000000037","a05j0000002v5sCAAQ","FALSE","","a02j0000004H1F5AAK","Authorized_Signer__c","Item Created"
"a06j0000003YjMsAAK","CA-0000000038","a05j0000002vCoJAAU","FALSE","","a02j0000004H1F5AAK","Authorized_Signer__c","Item Created"
"a06j0000003YjMtAAK","CA-0000000039","a05j0000002vCuLAAU","FALSE","","a02j0000004H1F5AAK","Authorized_Signer__c","Item Created"
"a06j0000003YjMuAAK","CA-0000000040","a05j0000002v5sCAAQ","FALSE","","a03j00000032go3AAA","Student__c","Item Created"
"a06j0000003YjMvAAK","CA-0000000041","a05j0000002vCoJAAU","FALSE","","a03j00000032go3AAA","Student__c","Item Created"
"a06j0000003YjMwAAK","CA-0000000042","a05j0000002vCuLAAU","FALSE","","a03j00000032go3AAA","Student__c","Item Created"
"a06j0000003YjMxAAK","CA-0000000043","a05j0000002vCwUAAU","FALSE","","a03j00000032go3AAA","Student__c","Item Created"
"a06j0000003YjMyAAK","CA-0000000044","a05j0000002w0vkAAA","FALSE","","a03j00000032go3AAA","Student__c","Item Created"
"a06j0000003YjMzAAK","CA-0000000045","a05j0000002w0vzAAA","FALSE","","a03j00000032go3AAA","Student__c","Item Created"
"a06j0000003YjN0AAK","CA-0000000046","a05j0000002w0w4AAA","FALSE","","a03j00000032go3AAA","Student__c","Item Created"
"a06j0000003YjN1AAK","CA-0000000047","a05j0000002v5sCAAQ","FALSE","","a03j00000032go8AAA","Student__c","Item Created"
"a06j0000003YjN2AAK","CA-0000000048","a05j0000002vCoJAAU","FALSE","","a03j00000032go8AAA","Student__c","Item Created"
"a06j0000003YjN3AAK","CA-0000000049","a05j0000002vCuLAAU","FALSE","","a03j00000032go8AAA","Student__c","Item Created"
"a06j0000003YjN4AAK","CA-0000000050","a05j0000002vCwUAAU","FALSE","","a03j00000032go8AAA","Student__c","Item Created"
"a06j0000003YjN5AAK","CA-0000000051","a05j0000002w0vkAAA","FALSE","","a03j00000032go8AAA","Student__c","Item Created"
"a06j0000003YjN6AAK","CA-0000000052","a05j0000002w0vzAAA","FALSE","","a03j00000032go8AAA","Student__c","Item Created"
"a06j0000003YjN7AAK","CA-0000000053","a05j0000002w0w4AAA","FALSE","","a03j00000032go8AAA","Student__c","Item Created"
"a06j0000003YjN8AAK","CA-0000000054","a05j0000002v5sCAAQ","FALSE","","a03j00000032goAAAQ","Student__c","Item Created"
"a06j0000003YjN9AAK","CA-0000000055","a05j0000002vCoJAAU","FALSE","","a03j00000032goAAAQ","Student__c","Item Created"
"a06j0000003YjNAAA0","CA-0000000056","a05j0000002vCuLAAU","FALSE","","a03j00000032goAAAQ","Student__c","Item Created"
"a06j0000003YjNBAA0","CA-0000000057","a05j0000002vCwUAAU","FALSE","","a03j00000032goAAAQ","Student__c","Item Created"
"a06j0000003YjNCAA0","CA-0000000058","a05j0000002w0vkAAA","FALSE","","a03j00000032goAAAQ","Student__c","Item Created"
"a06j0000003YjNDAA0","CA-0000000059","a05j0000002w0vzAAA","FALSE","","a03j00000032goAAAQ","Student__c","Item Created"
"a06j0000003YjNEAA0","CA-0000000060","a05j0000002w0w4AAA","FALSE","","a03j00000032goAAAQ","Student__c","Item Created"
"a06j0000003YjNFAA0","CA-0000000061","a05j0000002v5sCAAQ","FALSE","","a03j00000032go4AAA","Student__c","Item Created"
"a06j0000003YjNGAA0","CA-0000000062","a05j0000002vCoJAAU","FALSE","","a03j00000032go4AAA","Student__c","Item Created"
"a06j0000003YjNHAA0","CA-0000000063","a05j0000002vCuLAAU","FALSE","","a03j00000032go4AAA","Student__c","Item Created"
"a06j0000003YjNIAA0","CA-0000000064","a05j0000002vCwUAAU","FALSE","","a03j00000032go4AAA","Student__c","Item Created"
"a06j0000003YjNJAA0","CA-0000000065","a05j0000002w0vkAAA","FALSE","","a03j00000032go4AAA","Student__c","Item Created"
"a06j0000003YjNKAA0","CA-0000000066","a05j0000002w0vzAAA","FALSE","","a03j00000032go4AAA","Student__c","Item Created"
"a06j0000003YjNLAA0","CA-0000000067","a05j0000002w0w4AAA","FALSE","","a03j00000032go4AAA","Student__c","Item Created"
"a06j0000003YjNMAA0","CA-0000000068","a05j0000002v5sCAAQ","FALSE","","a03j00000032go0AAA","Student__c","Item Created"
"a06j0000003YjNNAA0","CA-0000000069","a05j0000002vCoJAAU","FALSE","","a03j00000032go0AAA","Student__c","Item Created"
"a06j0000003YjNOAA0","CA-0000000070","a05j0000002vCuLAAU","FALSE","","a03j00000032go0AAA","Student__c","Item Created"
"a06j0000003YjNPAA0","CA-0000000071","a05j0000002vCwUAAU","FALSE","","a03j00000032go0AAA","Student__c","Item Created"
"a06j0000003YjNQAA0","CA-0000000072","a05j0000002w0vkAAA","FALSE","","a03j00000032go0AAA","Student__c","Item Created"
"a06j0000003YjNRAA0","CA-0000000073","a05j0000002w0vzAAA","FALSE","","a03j00000032go0AAA","Student__c","Item Created"
"a06j0000003YjNSAA0","CA-0000000074","a05j0000002w0w4AAA","FALSE","","a03j00000032go0AAA","Student__c","Item Created"
"a06j0000003YjNTAA0","CA-0000000075","a05j0000002v5sCAAQ","FALSE","","a03j00000032goEAAQ","Student__c","Item Created"
"a06j0000003YjNUAA0","CA-0000000076","a05j0000002vCoJAAU","FALSE","","a03j00000032goEAAQ","Student__c","Item Created"
"a06j0000003YjNVAA0","CA-0000000077","a05j0000002vCuLAAU","FALSE","","a03j00000032goEAAQ","Student__c","Item Created"
"a06j0000003YjNWAA0","CA-0000000078","a05j0000002vCwUAAU","FALSE","","a03j00000032goEAAQ","Student__c","Item Created"
"a06j0000003YjNXAA0","CA-0000000079","a05j0000002w0vkAAA","FALSE","","a03j00000032goEAAQ","Student__c","Item Created"
"a06j0000003YjNYAA0","CA-0000000080","a05j0000002w0vzAAA","FALSE","","a03j00000032goEAAQ","Student__c","Item Created"
"a06j0000003YjNZAA0","CA-0000000081","a05j0000002w0w4AAA","FALSE","","a03j00000032goEAAQ","Student__c","Item Created"
"a06j0000003YjNaAAK","CA-0000000082","a05j0000002v5sCAAQ","FALSE","","a03j00000032go1AAA","Student__c","Item Created"
"a06j0000003YjNbAAK","CA-0000000083","a05j0000002vCoJAAU","FALSE","","a03j00000032go1AAA","Student__c","Item Created"
"a06j0000003YjNcAAK","CA-0000000084","a05j0000002vCuLAAU","FALSE","","a03j00000032go1AAA","Student__c","Item Created"
"a06j0000003YjNdAAK","CA-0000000085","a05j0000002vCwUAAU","FALSE","","a03j00000032go1AAA","Student__c","Item Created"
"a06j0000003YjNeAAK","CA-0000000086","a05j0000002w0vkAAA","FALSE","","a03j00000032go1AAA","Student__c","Item Created"
"a06j0000003YjNfAAK","CA-0000000087","a05j0000002w0vzAAA","FALSE","","a03j00000032go1AAA","Student__c","Item Created"
"a06j0000003YjNgAAK","CA-0000000088","a05j0000002w0w4AAA","FALSE","","a03j00000032go1AAA","Student__c","Item Created"
"a06j0000003YjNhAAK","CA-0000000089","a05j0000002v5sCAAQ","FALSE","","a03j00000032gnzAAA","Student__c","Item Created"
"a06j0000003YjNiAAK","CA-0000000090","a05j0000002vCoJAAU","FALSE","","a03j00000032gnzAAA","Student__c","Item Created"
"a06j0000003YjNjAAK","CA-0000000091","a05j0000002vCuLAAU","FALSE","","a03j00000032gnzAAA","Student__c","Item Created"
"a06j0000003YjNkAAK","CA-0000000092","a05j0000002vCwUAAU","FALSE","","a03j00000032gnzAAA","Student__c","Item Created"
"a06j0000003YjNlAAK","CA-0000000093","a05j0000002w0vkAAA","FALSE","","a03j00000032gnzAAA","Student__c","Item Created"
"a06j0000003YjNmAAK","CA-0000000094","a05j0000002w0vzAAA","FALSE","","a03j00000032gnzAAA","Student__c","Item Created"
"a06j0000003YjNnAAK","CA-0000000095","a05j0000002w0w4AAA","FALSE","","a03j00000032gnzAAA","Student__c","Item Created"
"a06j0000003YjNoAAK","CA-0000000096","a05j0000002v5sCAAQ","FALSE","","a03j00000032gnuAAA","Student__c","Item Created"
"a06j0000003YjNpAAK","CA-0000000097","a05j0000002vCoJAAU","FALSE","","a03j00000032gnuAAA","Student__c","Item Created"
"a06j0000003YjNqAAK","CA-0000000098","a05j0000002vCuLAAU","FALSE","","a03j00000032gnuAAA","Student__c","Item Created"
"a06j0000003YjNrAAK","CA-0000000099","a05j0000002vCwUAAU","FALSE","","a03j00000032gnuAAA","Student__c","Item Created"
"a06j0000003YjNsAAK","CA-0000000100","a05j0000002w0vkAAA","FALSE","","a03j00000032gnuAAA","Student__c","Item Created"
"a06j0000003YjNtAAK","CA-0000000101","a05j0000002w0vzAAA","FALSE","","a03j00000032gnuAAA","Student__c","Item Created"
"a06j0000003YjNuAAK","CA-0000000102","a05j0000002w0w4AAA","FALSE","","a03j00000032gnuAAA","Student__c","Item Created"
"a06j0000003YjNvAAK","CA-0000000103","a05j0000002v5sCAAQ","FALSE","","a03j00000032goBAAQ","Student__c","Item Created"
"a06j0000003YjNwAAK","CA-0000000104","a05j0000002vCoJAAU","FALSE","","a03j00000032goBAAQ","Student__c","Item Created"
"a06j0000003YjNxAAK","CA-0000000105","a05j0000002vCuLAAU","FALSE","","a03j00000032goBAAQ","Student__c","Item Created"
"a06j0000003YjNyAAK","CA-0000000106","a05j0000002vCwUAAU","FALSE","","a03j00000032goBAAQ","Student__c","Item Created"
"a06j0000003YjNzAAK","CA-0000000107","a05j0000002w0vkAAA","FALSE","","a03j00000032goBAAQ","Student__c","Item Created"
"a06j0000003YjO0AAK","CA-0000000108","a05j0000002w0vzAAA","FALSE","","a03j00000032goBAAQ","Student__c","Item Created"
"a06j0000003YjO1AAK","CA-0000000109","a05j0000002w0w4AAA","FALSE","","a03j00000032goBAAQ","Student__c","Item Created"
"a06j0000003YjO2AAK","CA-0000000110","a05j0000002v5sCAAQ","FALSE","","a03j00000032goDAAQ","Student__c","Item Created"
"a06j0000003YjO3AAK","CA-0000000111","a05j0000002vCoJAAU","FALSE","","a03j00000032goDAAQ","Student__c","Item Created"
"a06j0000003YjO4AAK","CA-0000000112","a05j0000002vCuLAAU","FALSE","","a03j00000032goDAAQ","Student__c","Item Created"
"a06j0000003YjO5AAK","CA-0000000113","a05j0000002vCwUAAU","FALSE","","a03j00000032goDAAQ","Student__c","Item Created"
"a06j0000003YjO6AAK","CA-0000000114","a05j0000002w0vkAAA","FALSE","","a03j00000032goDAAQ","Student__c","Item Created"
"a06j0000003YjO7AAK","CA-0000000115","a05j0000002w0vzAAA","FALSE","","a03j00000032goDAAQ","Student__c","Item Created"
"a06j0000003YjO8AAK","CA-0000000116","a05j0000002w0w4AAA","FALSE","","a03j00000032goDAAQ","Student__c","Item Created"
"a06j0000003YjO9AAK","CA-0000000117","a05j0000002v5sCAAQ","FALSE","","a03j00000032go5AAA","Student__c","Item Created"
"a06j0000003YjOAAA0","CA-0000000118","a05j0000002vCoJAAU","FALSE","","a03j00000032go5AAA","Student__c","Item Created"
"a06j0000003YjOBAA0","CA-0000000119","a05j0000002vCuLAAU","FALSE","","a03j00000032go5AAA","Student__c","Item Created"
"a06j0000003YjOCAA0","CA-0000000120","a05j0000002vCwUAAU","FALSE","","a03j00000032go5AAA","Student__c","Item Created"
"a06j0000003YjODAA0","CA-0000000121","a05j0000002w0vkAAA","FALSE","","a03j00000032go5AAA","Student__c","Item Created"
"a06j0000003YjOEAA0","CA-0000000122","a05j0000002w0vzAAA","FALSE","","a03j00000032go5AAA","Student__c","Item Created"
"a06j0000003YjOFAA0","CA-0000000123","a05j0000002w0w4AAA","FALSE","","a03j00000032go5AAA","Student__c","Item Created"
"a06j0000003YjOGAA0","CA-0000000124","a05j0000002v5sCAAQ","FALSE","","a03j00000032go6AAA","Student__c","Item Created"
"a06j0000003YjOHAA0","CA-0000000125","a05j0000002vCoJAAU","FALSE","","a03j00000032go6AAA","Student__c","Item Created"
"a06j0000003YjOIAA0","CA-0000000126","a05j0000002vCuLAAU","FALSE","","a03j00000032go6AAA","Student__c","Item Created"
"a06j0000003YjOJAA0","CA-0000000127","a05j0000002vCwUAAU","FALSE","","a03j00000032go6AAA","Student__c","Item Created"
"a06j0000003YjOKAA0","CA-0000000128","a05j0000002w0vkAAA","FALSE","","a03j00000032go6AAA","Student__c","Item Created"
"a06j0000003YjOLAA0","CA-0000000129","a05j0000002w0vzAAA","FALSE","","a03j00000032go6AAA","Student__c","Item Created"
"a06j0000003YjOMAA0","CA-0000000130","a05j0000002w0w4AAA","FALSE","","a03j00000032go6AAA","Student__c","Item Created"
"a06j0000003YjONAA0","CA-0000000131","a05j0000002v5sCAAQ","FALSE","","a03j00000032gnyAAA","Student__c","Item Created"
"a06j0000003YjOOAA0","CA-0000000132","a05j0000002vCoJAAU","FALSE","","a03j00000032gnyAAA","Student__c","Item Created"
"a06j0000003YjOPAA0","CA-0000000133","a05j0000002vCuLAAU","FALSE","","a03j00000032gnyAAA","Student__c","Item Created"
"a06j0000003YjOQAA0","CA-0000000134","a05j0000002vCwUAAU","FALSE","","a03j00000032gnyAAA","Student__c","Item Created"
"a06j0000003YjORAA0","CA-0000000135","a05j0000002w0vkAAA","FALSE","","a03j00000032gnyAAA","Student__c","Item Created"
"a06j0000003YjOSAA0","CA-0000000136","a05j0000002w0vzAAA","FALSE","","a03j00000032gnyAAA","Student__c","Item Created"
"a06j0000003YjOTAA0","CA-0000000137","a05j0000002w0w4AAA","FALSE","","a03j00000032gnyAAA","Student__c","Item Created"
"a06j0000003YjOUAA0","CA-0000000138","a05j0000002v5sCAAQ","FALSE","","a03j00000032gnxAAA","Student__c","Item Created"
"a06j0000003YjOVAA0","CA-0000000139","a05j0000002vCoJAAU","FALSE","","a03j00000032gnxAAA","Student__c","Item Created"
"a06j0000003YjOWAA0","CA-0000000140","a05j0000002vCuLAAU","FALSE","","a03j00000032gnxAAA","Student__c","Item Created"
"a06j0000003YjOXAA0","CA-0000000141","a05j0000002vCwUAAU","FALSE","","a03j00000032gnxAAA","Student__c","Item Created"
"a06j0000003YjOYAA0","CA-0000000142","a05j0000002w0vkAAA","FALSE","","a03j00000032gnxAAA","Student__c","Item Created"
"a06j0000003YjOZAA0","CA-0000000143","a05j0000002w0vzAAA","FALSE","","a03j00000032gnxAAA","Student__c","Item Created"
"a06j0000003YjOaAAK","CA-0000000144","a05j0000002w0w4AAA","FALSE","","a03j00000032gnxAAA","Student__c","Item Created"
"a06j0000003YjObAAK","CA-0000000145","a05j0000002v5sCAAQ","FALSE","","a03j00000032go9AAA","Student__c","Item Created"
"a06j0000003YjOcAAK","CA-0000000146","a05j0000002vCoJAAU","FALSE","","a03j00000032go9AAA","Student__c","Item Created"
"a06j0000003YjOdAAK","CA-0000000147","a05j0000002vCuLAAU","FALSE","","a03j00000032go9AAA","Student__c","Item Created"
"a06j0000003YjOeAAK","CA-0000000148","a05j0000002vCwUAAU","FALSE","","a03j00000032go9AAA","Student__c","Item Created"
"a06j0000003YjOfAAK","CA-0000000149","a05j0000002w0vkAAA","FALSE","","a03j00000032go9AAA","Student__c","Item Created"
"a06j0000003YjOgAAK","CA-0000000150","a05j0000002w0vzAAA","FALSE","","a03j00000032go9AAA","Student__c","Item Created"
"a06j0000003YjOhAAK","CA-0000000151","a05j0000002w0w4AAA","FALSE","","a03j00000032go9AAA","Student__c","Item Created"
"a06j0000003YjOiAAK","CA-0000000152","a05j0000002v5sCAAQ","FALSE","","a03j00000032go7AAA","Student__c","Item Created"
"a06j0000003YjOjAAK","CA-0000000153","a05j0000002vCoJAAU","FALSE","","a03j00000032go7AAA","Student__c","Item Created"
"a06j0000003YjOkAAK","CA-0000000154","a05j0000002vCuLAAU","FALSE","","a03j00000032go7AAA","Student__c","Item Created"
"a06j0000003YjOlAAK","CA-0000000155","a05j0000002vCwUAAU","FALSE","","a03j00000032go7AAA","Student__c","Item Created"
"a06j0000003YjOmAAK","CA-0000000156","a05j0000002w0vkAAA","FALSE","","a03j00000032go7AAA","Student__c","Item Created"
"a06j0000003YjOnAAK","CA-0000000157","a05j0000002w0vzAAA","FALSE","","a03j00000032go7AAA","Student__c","Item Created"
"a06j0000003YjOoAAK","CA-0000000158","a05j0000002w0w4AAA","FALSE","","a03j00000032go7AAA","Student__c","Item Created"
"a06j0000003YjOpAAK","CA-0000000159","a05j0000002v5sCAAQ","FALSE","","a03j00000032gnwAAA","Student__c","Item Created"
"a06j0000003YjOqAAK","CA-0000000160","a05j0000002vCoJAAU","FALSE","","a03j00000032gnwAAA","Student__c","Item Created"
"a06j0000003YjOrAAK","CA-0000000161","a05j0000002vCuLAAU","FALSE","","a03j00000032gnwAAA","Student__c","Item Created"
"a06j0000003YjOsAAK","CA-0000000162","a05j0000002vCwUAAU","FALSE","","a03j00000032gnwAAA","Student__c","Item Created"
"a06j0000003YjOtAAK","CA-0000000163","a05j0000002w0vkAAA","FALSE","","a03j00000032gnwAAA","Student__c","Item Created"
"a06j0000003YjOuAAK","CA-0000000164","a05j0000002w0vzAAA","FALSE","","a03j00000032gnwAAA","Student__c","Item Created"
"a06j0000003YjOvAAK","CA-0000000165","a05j0000002w0w4AAA","FALSE","","a03j00000032gnwAAA","Student__c","Item Created"
"a06j0000003YjOwAAK","CA-0000000166","a05j0000002v5sCAAQ","FALSE","","a03j00000032go2AAA","Student__c","Item Created"
"a06j0000003YjOxAAK","CA-0000000167","a05j0000002vCoJAAU","FALSE","","a03j00000032go2AAA","Student__c","Item Created"
"a06j0000003YjOyAAK","CA-0000000168","a05j0000002vCuLAAU","FALSE","","a03j00000032go2AAA","Student__c","Item Created"
"a06j0000003YjOzAAK","CA-0000000169","a05j0000002vCwUAAU","FALSE","","a03j00000032go2AAA","Student__c","Item Created"
"a06j0000003YjP0AAK","CA-0000000170","a05j0000002w0vkAAA","FALSE","","a03j00000032go2AAA","Student__c","Item Created"
"a06j0000003YjP1AAK","CA-0000000171","a05j0000002w0vzAAA","FALSE","","a03j00000032go2AAA","Student__c","Item Created"
"a06j0000003YjP2AAK","CA-0000000172","a05j0000002w0w4AAA","FALSE","","a03j00000032go2AAA","Student__c","Item Created"
"a06j0000003YjP3AAK","CA-0000000173","a05j0000002v5sCAAQ","FALSE","","a03j00000032goCAAQ","Student__c","Item Created"
"a06j0000003YjP4AAK","CA-0000000174","a05j0000002vCoJAAU","FALSE","","a03j00000032goCAAQ","Student__c","Item Created"
"a06j0000003YjP5AAK","CA-0000000175","a05j0000002vCuLAAU","FALSE","","a03j00000032goCAAQ","Student__c","Item Created"
"a06j0000003YjP6AAK","CA-0000000176","a05j0000002vCwUAAU","FALSE","","a03j00000032goCAAQ","Student__c","Item Created"
"a06j0000003YjP7AAK","CA-0000000177","a05j0000002w0vkAAA","FALSE","","a03j00000032goCAAQ","Student__c","Item Created"
"a06j0000003YjP8AAK","CA-0000000178","a05j0000002w0vzAAA","FALSE","","a03j00000032goCAAQ","Student__c","Item Created"
"a06j0000003YjP9AAK","CA-0000000179","a05j0000002w0w4AAA","FALSE","","a03j00000032goCAAQ","Student__c","Item Created"
"a06j0000003YjPAAA0","CA-0000000180","a05j0000002v5sCAAQ","FALSE","","a03j00000032gnvAAA","Student__c","Item Created"
"a06j0000003YjPBAA0","CA-0000000181","a05j0000002vCoJAAU","FALSE","","a03j00000032gnvAAA","Student__c","Item Created"
"a06j0000003YjPCAA0","CA-0000000182","a05j0000002vCuLAAU","FALSE","","a03j00000032gnvAAA","Student__c","Item Created"
"a06j0000003YjPDAA0","CA-0000000183","a05j0000002vCwUAAU","FALSE","","a03j00000032gnvAAA","Student__c","Item Created"
"a06j0000003YjPEAA0","CA-0000000184","a05j0000002w0vkAAA","FALSE","","a03j00000032gnvAAA","Student__c","Item Created"
"a06j0000003YjPFAA0","CA-0000000185","a05j0000002w0vzAAA","FALSE","","a03j00000032gnvAAA","Student__c","Item Created"
"a06j0000003YjPGAA0","CA-0000000186","a05j0000002w0w4AAA","FALSE","","a03j00000032gnvAAA","Student__c","Item Created"
